County,First Dose,Series Complete,Report as of
Bronx,8195,29,1/1/21
Kings,15690,64,1/1/21
New York,20138,71,1/1/21
Queens,16859,63,1/1/21
Richmond,4959,14,1/1/21
Bronx,9173,33,1/2/21
Kings,16289,66,1/2/21
New York,20924,72,1/2/21
Queens,17727,63,1/2/21
Richmond,5060,14,1/2/21
Bronx,9443,33,1/3/21
Kings,16777,69,1/3/21
New York,21849,76,1/3/21
Queens,18355,66,1/3/21
Richmond,5767,17,1/3/21
Bronx,10231,62,1/4/21
Kings,18030,172,1/4/21
New York,23402,298,1/4/21
Queens,19750,129,1/4/21
Richmond,6146,81,1/4/21
Bronx,11447,156,1/5/21
Kings,19549,407,1/5/21
New York,24806,822,1/5/21
Queens,21694,330,1/5/21
Richmond,6502,184,1/5/21
Bronx,13334,277,1/6/21
Kings,22439,786,1/6/21
New York,26741,1855,1/6/21
Queens,24452,769,1/6/21
Richmond,6910,291,1/6/21
Bronx,15335,493,1/7/21
Kings,25021,1545,1/7/21
New York,28584,3072,1/7/21
Queens,28222,1423,1/7/21
Richmond,7451,448,1/7/21
Bronx,18086,788,1/8/21
Kings,27533,2620,1/8/21
New York,31641,4223,1/8/21
Queens,32089,2156,1/8/21
Richmond,8212,630,1/8/21
Bronx,19175,908,1/9/21
Kings,29046,3129,1/9/21
New York,33723,4570,1/9/21
Queens,33839,2436,1/9/21
Richmond,8906,921,1/9/21
Bronx,20436,963,1/10/21
Kings,30519,3318,1/10/21
New York,35308,4726,1/10/21
Queens,36296,2583,1/10/21
Richmond,9300,985,1/10/21
Bronx,22373,1182,1/11/21
Kings,33987,4069,1/11/21
New York,38779,5798,1/11/21
Queens,40240,3384,1/11/21
Richmond,10417,1305,1/11/21
Bronx,24507,1693,1/12/21
Kings,37918,5035,1/12/21
New York,41996,7189,1/12/21
Queens,44309,4374,1/12/21
Richmond,11655,1808,1/12/21
Bronx,26886,2251,1/13/21
Kings,43435,5975,1/13/21
New York,47072,8762,1/13/21
Queens,49334,5482,1/13/21
Richmond,13280,2205,1/13/21
Bronx,29642,2752,1/14/21
Kings,48455,6765,1/14/21
New York,52385,9845,1/14/21
Queens,54847,6336,1/14/21
Richmond,14494,2330,1/14/21
Bronx,32687,3445,1/15/21
Kings,52458,7254,1/15/21
New York,57844,10697,1/15/21
Queens,61343,7744,1/15/21
Richmond,16147,2419,1/15/21
Bronx,35548,3882,1/16/21
Kings,58430,7581,1/16/21
New York,64495,11365,1/16/21
Queens,67339,8256,1/16/21
Richmond,19151,2680,1/16/21
Bronx,37929,3916,1/17/21
Kings,64616,7740,1/17/21
New York,71137,11633,1/17/21
Queens,73206,8504,1/17/21
Richmond,21619,2723,1/17/21
Bronx,39819,3986,1/18/21
Kings,69244,7813,1/18/21
New York,75699,11840,1/18/21
Queens,78310,8774,1/18/21
Richmond,23549,2750,1/18/21
Bronx,42627,4689,1/19/21
Kings,75365,9016,1/19/21
New York,82070,13637,1/19/21
Queens,85749,10360,1/19/21
Richmond,26021,3010,1/19/21
Bronx,45271,5938,1/20/21
Kings,81546,10157,1/20/21
New York,89956,15398,1/20/21
Queens,93133,12402,1/20/21
Richmond,28554,3330,1/20/21
Bronx,47883,7007,1/21/21
Kings,85328,11317,1/21/21
New York,95278,16742,1/21/21
Queens,97021,13973,1/21/21
Richmond,30361,3747,1/21/21
Bronx,50876,8109,1/22/21
Kings,88623,12400,1/22/21
New York,100123,17507,1/22/21
Queens,101153,15308,1/22/21
Richmond,31677,3917,1/22/21
Bronx,52458,8681,1/23/21
Kings,91035,12750,1/23/21
New York,103549,18646,1/23/21
Queens,104156,15865,1/23/21
Richmond,32547,4082,1/23/21
Bronx,52790,8856,1/24/21
Kings,92322,13121,1/24/21
New York,104910,19426,1/24/21
Queens,105750,16284,1/24/21
Richmond,33121,4258,1/24/21
Bronx,53995,9739,1/25/21
Kings,94602,15002,1/25/21
New York,108069,21489,1/25/21
Queens,108663,17932,1/25/21
Richmond,33743,4710,1/25/21
Bronx,57662,11106,1/26/21
Kings,101825,17453,1/26/21
New York,131670,27014,1/26/21
Queens,116459,20892,1/26/21
Richmond,34867,5202,1/26/21
Bronx,59253,12439,1/27/21
Kings,105674,19749,1/27/21
New York,136129,29172,1/27/21
Queens,120168,23375,1/27/21
Richmond,35987,5650,1/27/21
Bronx,62204,13881,1/28/21
Kings,110929,21707,1/28/21
New York,142937,31593,1/28/21
Queens,126532,26018,1/28/21
Richmond,38216,6015,1/28/21
Bronx,65337,15635,1/29/21
Kings,116296,23411,1/29/21
New York,149439,33810,1/29/21
Queens,132624,28395,1/29/21
Richmond,40207,6538,1/29/21
Bronx,67377,16448,1/30/21
Kings,118973,23984,1/30/21
New York,153488,34856,1/30/21
Queens,136351,29723,1/30/21
Richmond,40865,6757,1/30/21
Bronx,68423,16908,1/31/21
Kings,122124,24689,1/31/21
New York,155917,35323,1/31/21
Queens,139003,30443,1/31/21
Richmond,41574,6983,1/31/21
Bronx,69118,17429,2/1/21
Kings,123447,25679,2/1/21
New York,157252,36668,2/1/21
Queens,140326,31141,2/1/21
Richmond,41746,7138,2/1/21
Bronx,70021,18305,2/2/21
Kings,124544,26778,2/2/21
New York,158025,38585,2/2/21
Queens,141388,32374,2/2/21
Richmond,42020,7580,2/2/21
Bronx,71414,19986,2/3/21
Kings,126492,28828,2/3/21
New York,161192,42477,2/3/21
Queens,143967,35030,2/3/21
Richmond,42487,8501,2/3/21
Bronx,74347,21976,2/4/21
Kings,133628,33130,2/4/21
New York,167335,47001,2/4/21
Queens,150505,39267,2/4/21
Richmond,44168,9570,2/4/21
Bronx,76894,24265,2/5/21
Kings,139839,36366,2/5/21
New York,173104,51451,2/5/21
Queens,156816,42611,2/5/21
Richmond,45385,10773,2/5/21
Bronx,78579,25650,2/6/21
Kings,144951,38153,2/6/21
New York,176522,54194,2/6/21
Queens,162606,44562,2/6/21
Richmond,47089,11440,2/6/21
Bronx,79361,26634,2/7/21
Kings,147848,39873,2/7/21
New York,178696,56207,2/7/21
Queens,165893,46716,2/7/21
Richmond,48146,11948,2/7/21
Bronx,80804,28759,2/8/21
Kings,150684,44395,2/8/21
New York,181202,61240,2/8/21
Queens,170522,51765,2/8/21
Richmond,48985,13185,2/8/21
Bronx,82807,31005,2/9/21
Kings,153453,49022,2/9/21
New York,184360,66661,2/9/21
Queens,173741,56584,2/9/21
Richmond,49697,14466,2/9/21
Bronx,84551,33678,2/10/21
Kings,156577,53703,2/10/21
New York,187768,73760,2/10/21
Queens,177551,61945,2/10/21
Richmond,51431,16083,2/10/21
Bronx,86507,36618,2/11/21
Kings,162406,58592,2/11/21
New York,192081,81566,2/11/21
Queens,184128,68107,2/11/21
Richmond,53230,17829,2/11/21
Bronx,88729,39764,2/12/21
Kings,168951,63090,2/12/21
New York,196763,89379,2/12/21
Queens,191467,74743,2/12/21
Richmond,54962,19078,2/12/21
Bronx,90437,41549,2/13/21
Kings,174756,66629,2/13/21
New York,202217,95266,2/13/21
Queens,198696,79026,2/13/21
Richmond,56602,20322,2/13/21
Bronx,91683,43477,2/14/21
Kings,178492,71350,2/14/21
New York,206119,99928,2/14/21
Queens,203631,84572,2/14/21
Richmond,57681,23117,2/14/21
Bronx,92473,44287,2/15/21
Kings,181599,73241,2/15/21
New York,209107,102857,2/15/21
Queens,206334,86652,2/15/21
Richmond,58280,23583,2/15/21
Bronx,93757,46401,2/16/21
Kings,183372,76178,2/16/21
New York,211631,108829,2/16/21
Queens,208072,90053,2/16/21
Richmond,58664,24350,2/16/21
Bronx,95356,48375,2/17/21
Kings,186557,80380,2/17/21
New York,215826,115213,2/17/21
Queens,211343,94206,2/17/21
Richmond,59103,25568,2/17/21
Bronx,98794,51785,2/18/21
Kings,189029,85573,2/18/21
New York,219085,121180,2/18/21
Queens,213946,99650,2/18/21
Richmond,59505,27142,2/18/21
Bronx,100093,54476,2/19/21
Kings,191258,89539,2/19/21
New York,222102,127065,2/19/21
Queens,216184,104814,2/19/21
Richmond,60040,28221,2/19/21
Bronx,101008,56765,2/20/21
Kings,193540,94311,2/20/21
New York,224836,132559,2/20/21
Queens,218568,109704,2/20/21
Richmond,60796,30583,2/20/21
Bronx,101438,57825,2/21/21
Kings,195283,98181,2/21/21
New York,226377,135394,2/21/21
Queens,220380,113778,2/21/21
Richmond,61220,32534,2/21/21
Bronx,102387,59113,2/22/21
Kings,197382,100576,2/22/21
New York,228956,138092,2/22/21
Queens,222834,115771,2/22/21
Richmond,61477,33440,2/22/21
Bronx,104403,60321,2/23/21
Kings,202131,103391,2/23/21
New York,234797,140397,2/23/21
Queens,228254,118144,2/23/21
Richmond,62427,34114,2/23/21
Bronx,106680,62212,2/24/21
Kings,208118,106523,2/24/21
New York,239734,143898,2/24/21
Queens,234696,121400,2/24/21
Richmond,63585,34830,2/24/21
Bronx,109995,65251,2/25/21
Kings,219408,112121,2/25/21
New York,249720,149925,2/25/21
Queens,247774,127813,2/25/21
Richmond,66354,36773,2/25/21
Bronx,113400,68207,2/26/21
Kings,232716,119227,2/26/21
New York,261601,157655,2/26/21
Queens,262194,135366,2/26/21
Richmond,69147,38806,2/26/21
Bronx,117000,70056,2/27/21
Kings,243932,124540,2/27/21
New York,272945,162109,2/27/21
Queens,274700,140995,2/27/21
Richmond,71641,40406,2/27/21
Bronx,119978,71371,2/28/21
Kings,255876,127558,2/28/21
New York,283208,164423,2/28/21
Queens,290273,144952,2/28/21
Richmond,75408,41419,2/28/21
Bronx,123423,72829,3/1/21
Kings,265181,130893,3/1/21
New York,289616,167277,3/1/21
Queens,299521,147827,3/1/21
Richmond,76859,42043,3/1/21
Bronx,126720,73742,3/2/21
Kings,275177,133112,3/2/21
New York,299296,169856,3/2/21
Queens,309942,149962,3/2/21
Richmond,78554,42938,3/2/21
Bronx,129998,74767,3/3/21
Kings,284964,135348,3/3/21
New York,309218,172109,3/3/21
Queens,320531,152267,3/3/21
Richmond,80622,43920,3/3/21
Bronx,134250,76820,3/4/21
Kings,297009,139869,3/4/21
New York,322081,175283,3/4/21
Queens,334079,156298,3/4/21
Richmond,84134,45176,3/4/21
Bronx,140151,79727,3/5/21
Kings,309186,145244,3/5/21
New York,334739,179521,3/5/21
Queens,349505,162444,3/5/21
Richmond,87189,46526,3/5/21
Bronx,145133,82306,3/6/21
Kings,320616,149909,3/6/21
New York,347490,183911,3/6/21
Queens,364638,169321,3/6/21
Richmond,90351,47928,3/6/21
Bronx,146906,83721,3/7/21
Kings,328788,153530,3/7/21
New York,355318,188059,3/7/21
Queens,375708,173811,3/7/21
Richmond,92244,49157,3/7/21
Bronx,151051,85214,3/8/21
Kings,338467,157868,3/8/21
New York,364618,192420,3/8/21
Queens,386791,177550,3/8/21
Richmond,93460,50317,3/8/21
Bronx,155565,87392,3/9/21
Kings,348683,160709,3/9/21
New York,375886,197346,3/9/21
Queens,397416,180851,3/9/21
Richmond,95024,51601,3/9/21
Bronx,160774,89836,3/10/21
Kings,359985,164197,3/10/21
New York,385967,202646,3/10/21
Queens,409023,184702,3/10/21
Richmond,96853,52220,3/10/21
Bronx,167155,92519,3/11/21
Kings,372964,169261,3/11/21
New York,396433,207877,3/11/21
Queens,422965,190302,3/11/21
Richmond,99389,53593,3/11/21
Bronx,174505,95300,3/12/21
Kings,388838,174700,3/12/21
New York,409399,212989,3/12/21
Queens,439663,196201,3/12/21
Richmond,102682,55078,3/12/21
Bronx,179210,97161,3/13/21
Kings,399981,179899,3/13/21
New York,418537,217873,3/13/21
Queens,453513,203010,3/13/21
Richmond,105010,56457,3/13/21
Bronx,182415,98610,3/14/21
Kings,410625,185983,3/14/21
New York,425780,224898,3/14/21
Queens,466416,211042,3/14/21
Richmond,107582,58014,3/14/21
Bronx,185877,100351,3/15/21
Kings,421108,190315,3/15/21
New York,431525,229914,3/15/21
Queens,475733,215710,3/15/21
Richmond,108849,59277,3/15/21
Bronx,190418,103396,3/16/21
Kings,432960,194778,3/16/21
New York,439610,236417,3/16/21
Queens,487933,221298,3/16/21
Richmond,110260,60614,3/16/21
Bronx,194839,106345,3/17/21
Kings,440381,200701,3/17/21
New York,447644,241367,3/17/21
Queens,495771,228510,3/17/21
Richmond,111044,61264,3/17/21
Bronx,200555,109399,3/18/21
Kings,453908,209034,3/18/21
New York,459366,247389,3/18/21
Queens,508875,237341,3/18/21
Richmond,113759,62347,3/18/21
Bronx,206444,112521,3/19/21
Kings,466418,217254,3/19/21
New York,470068,253603,3/19/21
Queens,521077,245949,3/19/21
Richmond,117098,63273,3/19/21
Bronx,210573,114723,3/20/21
Kings,475899,223998,3/20/21
New York,477896,259081,3/20/21
Queens,530977,254429,3/20/21
Richmond,119194,64131,3/20/21
Bronx,213234,115387,3/21/21
Kings,482181,229545,3/21/21
New York,483158,261751,3/21/21
Queens,538861,261924,3/21/21
Richmond,120946,64869,3/21/21
Bronx,217166,118665,3/22/21
Kings,490218,237459,3/22/21
New York,489194,267391,3/22/21
Queens,546989,269195,3/22/21
Richmond,122081,65762,3/22/21
Bronx,221216,121711,3/23/21
Kings,497981,246023,3/23/21
New York,496497,275399,3/23/21
Queens,556484,278039,3/23/21
Richmond,122923,66807,3/23/21
Bronx,228556,126074,3/24/21
Kings,512416,256503,3/24/21
New York,510514,285743,3/24/21
Queens,572362,289063,3/24/21
Richmond,125218,68699,3/24/21
Bronx,236004,130899,3/25/21
Kings,528188,268525,3/25/21
New York,526856,297826,3/25/21
Queens,589869,302211,3/25/21
Richmond,128222,71340,3/25/21
Bronx,241531,135089,3/26/21
Kings,537998,280710,3/26/21
New York,536572,310006,3/26/21
Queens,601231,315202,3/26/21
Richmond,130279,74144,3/26/21
Bronx,246132,139515,3/27/21
Kings,549692,291541,3/27/21
New York,546405,320743,3/27/21
Queens,613250,328235,3/27/21
Richmond,132926,76854,3/27/21
Bronx,249082,142111,3/28/21
Kings,557413,300682,3/28/21
New York,552555,329361,3/28/21
Queens,622274,341440,3/28/21
Richmond,134479,79148,3/28/21
Bronx,253216,146344,3/29/21
Kings,565550,310205,3/29/21
New York,558965,337773,3/29/21
Queens,631233,352881,3/29/21
Richmond,137245,81374,3/29/21
Bronx,258065,150376,3/30/21
Kings,573801,319477,3/30/21
New York,566574,345915,3/30/21
Queens,640775,362589,3/30/21
Richmond,138589,82427,3/30/21
Bronx,264223,155198,3/31/21
Kings,586671,331487,3/31/21
New York,579612,357307,3/31/21
Queens,654017,375692,3/31/21
Richmond,140089,84900,3/31/21
Bronx,271446,161104,4/1/21
Kings,602515,346456,4/1/21
New York,595693,370678,4/1/21
Queens,669987,392563,4/1/21
Richmond,142234,88742,4/1/21
Bronx,278678,168206,4/2/21
Kings,618807,360750,4/2/21
New York,610084,382600,4/2/21
Queens,686462,409756,4/2/21
Richmond,144411,91595,4/2/21
Bronx,283346,173492,4/3/21
Kings,632398,373238,4/3/21
New York,622373,393094,4/3/21
Queens,700782,426059,4/3/21
Richmond,146277,94285,4/3/21
Bronx,285885,175603,4/4/21
Kings,641173,381683,4/4/21
New York,630104,398156,4/4/21
Queens,709956,436657,4/4/21
Richmond,147496,95897,4/4/21
Bronx,290546,179597,4/5/21
Kings,652667,392514,4/5/21
New York,638922,405457,4/5/21
Queens,722480,447734,4/5/21
Richmond,149393,96997,4/5/21
Bronx,297009,184400,4/6/21
Kings,667146,405143,4/6/21
New York,654871,414747,4/6/21
Queens,737742,459670,4/6/21
Richmond,152207,98276,4/6/21
Bronx,303702,189108,4/7/21
Kings,686016,417013,4/7/21
New York,670426,425313,4/7/21
Queens,758421,471538,4/7/21
Richmond,154971,100269,4/7/21
Bronx,312410,196075,4/8/21
Kings,707525,431515,4/8/21
New York,690390,438932,4/8/21
Queens,780723,488452,4/8/21
Richmond,158855,103754,4/8/21
Bronx,322673,204713,4/9/21
Kings,729078,447364,4/9/21
New York,709341,453408,4/9/21
Queens,801811,505113,4/9/21
Richmond,162837,108971,4/9/21
Bronx,329470,210455,4/10/21
Kings,746815,459053,4/10/21
New York,724017,465077,4/10/21
Queens,819574,519335,4/10/21
Richmond,164992,111687,4/10/21
Bronx,333301,214004,4/11/21
Kings,762640,469111,4/11/21
New York,735784,475535,4/11/21
Queens,835833,531672,4/11/21
Richmond,167063,114280,4/11/21
Bronx,339991,219076,4/12/21
Kings,780154,480872,4/12/21
New York,750042,485686,4/12/21
Queens,854585,543579,4/12/21
Richmond,169431,116019,4/12/21
Bronx,345400,223068,4/13/21
Kings,794732,488756,4/13/21
New York,762592,492738,4/13/21
Queens,869287,551505,4/13/21
Richmond,171806,117349,4/13/21
Bronx,350851,227888,4/14/21
Kings,808384,497211,4/14/21
New York,773595,500922,4/14/21
Queens,884750,560783,4/14/21
Richmond,173668,118633,4/14/21
Bronx,356909,233830,4/15/21
Kings,823590,508133,4/15/21
New York,784933,509933,4/15/21
Queens,901139,572991,4/15/21
Richmond,176438,120723,4/15/21
Bronx,363008,239878,4/16/21
Kings,839128,519920,4/16/21
New York,797371,520146,4/16/21
Queens,918323,586480,4/16/21
Richmond,179152,122840,4/16/21
Bronx,367694,244619,4/17/21
Kings,853075,529618,4/17/21
New York,806592,528156,4/17/21
Queens,935056,598380,4/17/21
Richmond,181201,125836,4/17/21
Bronx,370807,248131,4/18/21
Kings,863209,536895,4/18/21
New York,812493,533480,4/18/21
Queens,946692,607936,4/18/21
Richmond,182418,128110,4/18/21
Bronx,376420,253313,4/19/21
Kings,875976,545546,4/19/21
New York,821111,542427,4/19/21
Queens,961991,617945,4/19/21
Richmond,184114,129782,4/19/21
Bronx,381767,257511,4/20/21
Kings,888640,553110,4/20/21
New York,830159,549694,4/20/21
Queens,975569,626854,4/20/21
Richmond,185434,131259,4/20/21
Bronx,386175,261927,4/21/21
Kings,897790,562204,4/21/21
New York,836157,558516,4/21/21
Queens,987640,636059,4/21/21
Richmond,186672,132207,4/21/21
Bronx,390729,266664,4/22/21
Kings,907269,572997,4/22/21
New York,842389,568416,4/22/21
Queens,998793,646384,4/22/21
Richmond,188113,134075,4/22/21
Bronx,395704,271169,4/23/21
Kings,919469,585062,4/23/21
New York,849542,578272,4/23/21
Queens,1010509,657088,4/23/21
Richmond,189819,135999,4/23/21
Bronx,399236,275299,4/24/21
Kings,926939,595613,4/24/21
New York,854484,587376,4/24/21
Queens,1021824,668243,4/24/21
Richmond,190949,137950,4/24/21
Bronx,401341,277976,4/25/21
Kings,932563,604060,4/25/21
New York,857740,594927,4/25/21
Queens,1029740,677590,4/25/21
Richmond,191774,139400,4/25/21
Bronx,405548,282117,4/26/21
Kings,940509,615331,4/26/21
New York,863093,605812,4/26/21
Queens,1040328,689430,4/26/21
Richmond,192800,140972,4/26/21
Bronx,410781,288044,4/27/21
Kings,951000,630876,4/27/21
New York,871357,623918,4/27/21
Queens,1053235,704485,4/27/21
Richmond,194116,144160,4/27/21
Bronx,416067,294327,4/28/21
Kings,960472,649100,4/28/21
New York,878605,640954,4/28/21
Queens,1064743,722766,4/28/21
Richmond,195318,147221,4/28/21
Bronx,421620,300766,4/29/21
Kings,968416,665713,4/29/21
New York,883946,656125,4/29/21
Queens,1074620,739343,4/29/21
Richmond,196586,150191,4/29/21
Bronx,426451,305926,4/30/21
Kings,975896,679932,4/30/21
New York,889101,667897,4/30/21
Queens,1084235,753199,4/30/21
Richmond,198034,152141,4/30/21
Bronx,429521,309012,5/1/21
Kings,980812,690829,5/1/21
New York,892113,676008,5/1/21
Queens,1091798,764693,5/1/21
Richmond,198806,153356,5/1/21
Bronx,431242,310981,5/2/21
Kings,984731,701469,5/2/21
New York,894417,682458,5/2/21
Queens,1097012,776098,5/2/21
Richmond,199352,154203,5/2/21
Bronx,434080,314928,5/3/21
Kings,990384,713973,5/3/21
New York,897480,691382,5/3/21
Queens,1103992,788566,5/3/21
Richmond,200121,155813,5/3/21
Bronx,439681,320286,5/4/21
Kings,998224,728464,5/4/21
New York,903105,704760,5/4/21
Queens,1113344,803149,5/4/21
Richmond,201171,158390,5/4/21
Bronx,444179,325916,5/5/21
Kings,1005853,743328,5/5/21
New York,908985,717607,5/5/21
Queens,1122389,819371,5/5/21
Richmond,202238,160916,5/5/21
Bronx,448194,331815,5/6/21
Kings,1012422,757955,5/6/21
New York,913289,729160,5/6/21
Queens,1129621,835111,5/6/21
Richmond,203503,163305,5/6/21
Bronx,451977,337850,5/7/21
Kings,1018934,773479,5/7/21
New York,917672,742316,5/7/21
Queens,1136618,852074,5/7/21
Richmond,204534,165988,5/7/21
Bronx,455317,344047,5/8/21
Kings,1024965,788705,5/8/21
New York,921429,755127,5/8/21
Queens,1144374,870217,5/8/21
Richmond,205684,168751,5/8/21
Bronx,457373,348004,5/9/21
Kings,1029350,801566,5/9/21
New York,924668,766345,5/9/21
Queens,1149979,884536,5/9/21
Richmond,206617,170469,5/9/21
Bronx,460151,352395,5/10/21
Kings,1034416,813455,5/10/21
New York,927235,772882,5/10/21
Queens,1155954,896586,5/10/21
Richmond,207209,172075,5/10/21
Bronx,463907,357642,5/11/21
Kings,1039397,825451,5/11/21
New York,930373,781672,5/11/21
Queens,1161077,908639,5/11/21
Richmond,207875,173700,5/11/21
Bronx,467095,362212,5/12/21
Kings,1044162,835693,5/12/21
New York,933304,788935,5/12/21
Queens,1166446,920379,5/12/21
Richmond,208777,174866,5/12/21
Bronx,471079,367440,5/13/21
Kings,1050836,846660,5/13/21
New York,938269,796875,5/13/21
Queens,1173396,931514,5/13/21
Richmond,210180,176831,5/13/21
Bronx,476315,373758,5/14/21
Kings,1058871,859603,5/14/21
New York,944500,806036,5/14/21
Queens,1181603,945606,5/14/21
Richmond,211368,178876,5/14/21
Bronx,479314,377605,5/15/21
Kings,1064505,869099,5/15/21
New York,949045,812340,5/15/21
Queens,1188991,957550,5/15/21
Richmond,212523,180423,5/15/21
Bronx,481320,379801,5/16/21
Kings,1068351,874892,5/16/21
New York,952233,815935,5/16/21
Queens,1194052,965049,5/16/21
Richmond,213185,181448,5/16/21
Bronx,485307,384217,5/17/21
Kings,1073009,881392,5/17/21
New York,955776,820720,5/17/21
Queens,1199520,974363,5/17/21
Richmond,214103,182866,5/17/21
Bronx,493139,391698,5/18/21
Kings,1082719,893313,5/18/21
New York,964722,829673,5/18/21
Queens,1209691,987618,5/18/21
Richmond,215384,184527,5/18/21
Bronx,503360,402231,5/19/21
Kings,1091379,903326,5/19/21
New York,972496,837459,5/19/21
Queens,1220802,1000255,5/19/21
Richmond,216654,185835,5/19/21
Bronx,510346,409680,5/20/21
Kings,1102330,915592,5/20/21
New York,980802,847515,5/20/21
Queens,1232515,1013931,5/20/21
Richmond,218478,187539,5/20/21
Bronx,518016,416227,5/21/21
Kings,1109169,923839,5/21/21
New York,985659,853467,5/21/21
Queens,1240889,1024521,5/21/21
Richmond,219495,188603,5/21/21
Bronx,530122,428989,5/22/21
Kings,1115151,931247,5/22/21
New York,989045,858790,5/22/21
Queens,1249798,1035427,5/22/21
Richmond,220388,189597,5/22/21
Bronx,533165,431577,5/23/21
Kings,1119659,936703,5/23/21
New York,996596,866100,5/23/21
Queens,1256148,1042483,5/23/21
Richmond,220947,190300,5/23/21
Bronx,544940,443031,5/24/21
Kings,1125348,943234,5/24/21
New York,1001019,870547,5/24/21
Queens,1262739,1050974,5/24/21
Richmond,221669,191104,5/24/21
Bronx,549308,447187,5/25/21
Kings,1138733,955490,5/25/21
New York,1005451,875430,5/25/21
Queens,1271203,1060171,5/25/21
Richmond,223357,192664,5/25/21
Bronx,553525,451391,5/26/21
Kings,1144950,962173,5/26/21
New York,1009070,879544,5/26/21
Queens,1278288,1068468,5/26/21
Richmond,224450,193598,5/26/21
Bronx,576014,458337,5/27/21
Kings,1151061,968957,5/27/21
New York,1013084,884121,5/27/21
Queens,1285099,1076211,5/27/21
Richmond,225552,194674,5/27/21
Bronx,587103,467224,5/28/21
Kings,1157293,976050,5/28/21
New York,1018128,890120,5/28/21
Queens,1292270,1084834,5/28/21
Richmond,226652,195929,5/28/21
Bronx,597226,492537,5/29/21
Kings,1161568,981365,5/29/21
New York,1021568,894352,5/29/21
Queens,1298842,1092571,5/29/21
Richmond,227592,196933,5/29/21
Bronx,600085,498871,5/30/21
Kings,1164322,984816,5/30/21
New York,1023345,896855,5/30/21
Queens,1302293,1097042,5/30/21
Richmond,228147,197545,5/30/21
Bronx,601191,500096,5/31/21
Kings,1166587,987641,5/31/21
New York,1024792,898491,5/31/21
Queens,1305396,1100828,5/31/21
Richmond,228622,198072,5/31/21
Bronx,604062,503707,6/1/21
Kings,1170048,993163,6/1/21
New York,1027149,902328,6/1/21
Queens,1309432,1106923,6/1/21
Richmond,229455,199124,6/1/21
Bronx,607541,507372,6/2/21
Kings,1175916,1000116,6/2/21
New York,1030299,906260,6/2/21
Queens,1314984,1113512,6/2/21
Richmond,230230,200462,6/2/21
Bronx,611291,511646,6/3/21
Kings,1180572,1006748,6/3/21
New York,1033764,911871,6/3/21
Queens,1321037,1121642,6/3/21
Richmond,231167,201746,6/3/21
Bronx,614735,516035,6/4/21
Kings,1184935,1013875,6/4/21
New York,1037339,918612,6/4/21
Queens,1326492,1129554,6/4/21
Richmond,231979,202956,6/4/21
Bronx,617033,519101,6/5/21
Kings,1188637,1019861,6/5/21
New York,1040015,924219,6/5/21
Queens,1331409,1137598,6/5/21
Richmond,232665,204112,6/5/21
Bronx,618302,521174,6/6/21
Kings,1191115,1024134,6/6/21
New York,1041842,928648,6/6/21
Queens,1334218,1143741,6/6/21
Richmond,233179,204865,6/6/21
Bronx,620803,524850,6/7/21
Kings,1194746,1029986,6/7/21
New York,1044621,933761,6/7/21
Queens,1338267,1150335,6/7/21
Richmond,233695,205686,6/7/21
Bronx,623749,528620,6/8/21
Kings,1199437,1037343,6/8/21
New York,1048524,940334,6/8/21
Queens,1343345,1158319,6/8/21
Richmond,234393,206809,6/8/21
Bronx,627212,532813,6/9/21
Kings,1205159,1046409,6/9/21
New York,1052508,945713,6/9/21
Queens,1349673,1167628,6/9/21
Richmond,235854,208249,6/9/21
Bronx,630242,536967,6/10/21
Kings,1209088,1053503,6/10/21
New York,1055984,950243,6/10/21
Queens,1354515,1175214,6/10/21
Richmond,236527,209232,6/10/21
Bronx,633194,542218,6/11/21
Kings,1213400,1060965,6/11/21
New York,1059276,955257,6/11/21
Queens,1359388,1183614,6/11/21
Richmond,237086,210394,6/11/21
Bronx,634893,544736,6/12/21
Kings,1215977,1065639,6/12/21
New York,1061398,958248,6/12/21
Queens,1362624,1189448,6/12/21
Richmond,237510,211175,6/12/21
Bronx,635779,546272,6/13/21
Kings,1218018,1069280,6/13/21
New York,1062859,960638,6/13/21
Queens,1364696,1194101,6/13/21
Richmond,237776,211684,6/13/21
Bronx,638808,551097,6/14/21
Kings,1222080,1075804,6/14/21
New York,1066068,965580,6/14/21
Queens,1369468,1202742,6/14/21
Richmond,238565,213397,6/14/21
Bronx,641913,555401,6/15/21
Kings,1225895,1082622,6/15/21
New York,1069070,969829,6/15/21
Queens,1373754,1210762,6/15/21
Richmond,239191,214513,6/15/21
Bronx,644972,559378,6/16/21
Kings,1229525,1088781,6/16/21
New York,1072071,973799,6/16/21
Queens,1378179,1217980,6/16/21
Richmond,239760,215577,6/16/21
Bronx,647738,563714,6/17/21
Kings,1233367,1095923,6/17/21
New York,1075368,978012,6/17/21
Queens,1383020,1225604,6/17/21
Richmond,240565,216819,6/17/21
Bronx,650132,566888,6/18/21
Kings,1236148,1100313,6/18/21
New York,1077940,981198,6/18/21
Queens,1386625,1231168,6/18/21
Richmond,241056,217714,6/18/21
Bronx,652136,569939,6/19/21
Kings,1239868,1106170,6/19/21
New York,1080581,984440,6/19/21
Queens,1391597,1238769,6/19/21
Richmond,241604,218755,6/19/21
Bronx,653487,571834,6/20/21
Kings,1241769,1109109,6/20/21
New York,1082536,986564,6/20/21
Queens,1393758,1242337,6/20/21
Richmond,241937,219281,6/20/21
Bronx,655399,573942,6/21/21
Kings,1244567,1112735,6/21/21
New York,1084419,988681,6/21/21
Queens,1397121,1246647,6/21/21
Richmond,242334,219749,6/21/21
Bronx,657601,576879,6/22/21
Kings,1247702,1116434,6/22/21
New York,1086932,991112,6/22/21
Queens,1400986,1251174,6/22/21
Richmond,242801,220318,6/22/21
Bronx,659896,580347,6/23/21
Kings,1251448,1121508,6/23/21
New York,1089427,994198,6/23/21
Queens,1405027,1256851,6/23/21
Richmond,243341,221140,6/23/21
Bronx,662512,583941,6/24/21
Kings,1255306,1127024,6/24/21
New York,1092459,997829,6/24/21
Queens,1409363,1262959,6/24/21
Richmond,244065,222155,6/24/21
Bronx,665756,588303,6/25/21
Kings,1261055,1136158,6/25/21
New York,1097426,1006424,6/25/21
Queens,1415675,1273064,6/25/21
Richmond,244911,223790,6/25/21
Bronx,668587,592107,6/26/21
Kings,1267070,1145975,6/26/21
New York,1102001,1015871,6/26/21
Queens,1423668,1284992,6/26/21
Richmond,245916,225560,6/26/21
Bronx,669468,593109,6/27/21
Kings,1268874,1148208,6/27/21
New York,1103418,1017196,6/27/21
Queens,1425738,1287336,6/27/21
Richmond,246233,226025,6/27/21
Bronx,671370,595458,6/28/21
Kings,1271727,1151286,6/28/21
New York,1105237,1018956,6/28/21
Queens,1429025,1291167,6/28/21
Richmond,246741,226608,6/28/21
Bronx,673509,598018,6/29/21
Kings,1274829,1154751,6/29/21
New York,1107468,1021277,6/29/21
Queens,1432872,1295471,6/29/21
Richmond,247296,227152,6/29/21
Bronx,675732,600795,6/30/21
Kings,1278692,1159388,6/30/21
New York,1110127,1024427,6/30/21
Queens,1437298,1300776,6/30/21
Richmond,247887,227878,6/30/21
Bronx,677847,603212,7/1/21
Kings,1281870,1162874,7/1/21
New York,1112376,1026760,7/1/21
Queens,1441920,1305801,7/1/21
Richmond,248475,228422,7/1/21
Bronx,680080,605978,7/2/21
Kings,1284793,1166444,7/2/21
New York,1114878,1029189,7/2/21
Queens,1445366,1309639,7/2/21
Richmond,248996,229043,7/2/21
Bronx,681314,607688,7/3/21
Kings,1287362,1169681,7/3/21
New York,1116596,1030913,7/3/21
Queens,1448220,1313299,7/3/21
Richmond,249487,229510,7/3/21
Bronx,681842,608256,7/4/21
Kings,1288833,1171161,7/4/21
New York,1117680,1031720,7/4/21
Queens,1449885,1314726,7/4/21
Richmond,249724,229660,7/4/21
Bronx,682458,609037,7/5/21
Kings,1290167,1173038,7/5/21
New York,1118595,1032675,7/5/21
Queens,1451253,1316516,7/5/21
Richmond,249936,229911,7/5/21
Bronx,684438,611907,7/6/21
Kings,1292967,1176320,7/6/21
New York,1120722,1034810,7/6/21
Queens,1454497,1320349,7/6/21
Richmond,250436,230498,7/6/21
Bronx,686645,615061,7/7/21
Kings,1295867,1179747,7/7/21
New York,1122732,1036925,7/7/21
Queens,1457961,1324387,7/7/21
Richmond,250879,231055,7/7/21
Bronx,688744,617640,7/8/21
Kings,1298885,1183240,7/8/21
New York,1124807,1039026,7/8/21
Queens,1461772,1327858,7/8/21
Richmond,251435,231639,7/8/21
Bronx,690627,620044,7/9/21
Kings,1301832,1186898,7/9/21
New York,1126880,1041090,7/9/21
Queens,1464841,1331338,7/9/21
Richmond,252005,232196,7/9/21
Bronx,691865,621703,7/10/21
Kings,1304199,1189925,7/10/21
New York,1128371,1042764,7/10/21
Queens,1467890,1335490,7/10/21
Richmond,252439,232709,7/10/21
Bronx,692523,622509,7/11/21
Kings,1305871,1191820,7/11/21
New York,1129609,1043812,7/11/21
Queens,1470078,1337872,7/11/21
Richmond,252747,233040,7/11/21
Bronx,694243,624406,7/12/21
Kings,1308020,1194454,7/12/21
New York,1131317,1045254,7/12/21
Queens,1472976,1341110,7/12/21
Richmond,253166,233516,7/12/21
Bronx,696156,626243,7/13/21
Kings,1310783,1197128,7/13/21
New York,1133138,1046982,7/13/21
Queens,1475916,1344001,7/13/21
Richmond,253611,233903,7/13/21
Bronx,698258,628455,7/14/21
Kings,1313706,1200219,7/14/21
New York,1135151,1048896,7/14/21
Queens,1479071,1347510,7/14/21
Richmond,254101,234379,7/14/21
Bronx,699970,630578,7/15/21
Kings,1316276,1202796,7/15/21
New York,1136952,1050670,7/15/21
Queens,1481881,1350729,7/15/21
Richmond,254684,234876,7/15/21
Bronx,701689,632718,7/16/21
Kings,1318818,1205190,7/16/21
New York,1138882,1052540,7/16/21
Queens,1484820,1353775,7/16/21
Richmond,255379,235378,7/16/21
Bronx,703161,634420,7/17/21
Kings,1321461,1207960,7/17/21
New York,1140440,1053905,7/17/21
Queens,1487823,1357290,7/17/21
Richmond,255850,235842,7/17/21
Bronx,704256,635472,7/18/21
Kings,1323315,1210250,7/18/21
New York,1141768,1054966,7/18/21
Queens,1489980,1359858,7/18/21
Richmond,256202,236229,7/18/21
Bronx,706287,637181,7/19/21
Kings,1325844,1212696,7/19/21
New York,1143381,1056298,7/19/21
Queens,1492801,1362692,7/19/21
Richmond,256596,236674,7/19/21
Bronx,708563,639183,7/20/21
Kings,1328804,1215472,7/20/21
New York,1145387,1058008,7/20/21
Queens,1496009,1365886,7/20/21
Richmond,257125,237095,7/20/21
Bronx,710868,641084,7/21/21
Kings,1332088,1218338,7/21/21
New York,1147458,1059540,7/21/21
Queens,1499560,1369078,7/21/21
Richmond,257747,237508,7/21/21
Bronx,713183,643077,7/22/21
Kings,1336152,1221232,7/22/21
New York,1149677,1061263,7/22/21
Queens,1503066,1372144,7/22/21
Richmond,258348,238026,7/22/21
Bronx,715859,645219,7/23/21
Kings,1339755,1224180,7/23/21
New York,1152743,1063693,7/23/21
Queens,1507202,1375665,7/23/21
Richmond,259243,238786,7/23/21
Bronx,717362,646319,7/24/21
Kings,1342679,1226577,7/24/21
New York,1154347,1064783,7/24/21
Queens,1510418,1378511,7/24/21
Richmond,259733,239216,7/24/21
Bronx,718134,646902,7/25/21
Kings,1344490,1228154,7/25/21
New York,1155519,1065577,7/25/21
Queens,1512311,1380358,7/25/21
Richmond,260098,239502,7/25/21
Bronx,720058,647896,7/26/21
Kings,1347497,1229928,7/26/21
New York,1157174,1066531,7/26/21
Queens,1515335,1382035,7/26/21
Richmond,260730,239836,7/26/21
Bronx,722720,649853,7/27/21
Kings,1351008,1232487,7/27/21
New York,1159261,1068306,7/27/21
Queens,1518901,1386762,7/27/21
Richmond,261348,240314,7/27/21
Bronx,725559,651652,7/28/21
Kings,1354534,1235170,7/28/21
New York,1161553,1069827,7/28/21
Queens,1523055,1389939,7/28/21
Richmond,262035,240741,7/28/21
Bronx,728036,653390,7/29/21
Kings,1357967,1237768,7/29/21
New York,1163736,1071297,7/29/21
Queens,1526852,1392578,7/29/21
Richmond,262758,241190,7/29/21
Bronx,731501,655440,7/30/21
Kings,1362696,1240649,7/30/21
New York,1166642,1073039,7/30/21
Queens,1531763,1395746,7/30/21
Richmond,263691,241718,7/30/21
Bronx,733299,656553,7/31/21
Kings,1366222,1243011,7/31/21
New York,1168383,1074025,7/31/21
Queens,1535788,1398644,7/31/21
Richmond,264583,242258,7/31/21
Bronx,734217,657056,8/1/21
Kings,1368325,1244431,8/1/21
New York,1169592,1074747,8/1/21
Queens,1538457,1400597,8/1/21
Richmond,265061,242542,8/1/21
Bronx,736820,658318,8/2/21
Kings,1371894,1246386,8/2/21
New York,1171477,1075856,8/2/21
Queens,1542389,1403100,8/2/21
Richmond,265570,242843,8/2/21
Bronx,740175,660213,8/3/21
Kings,1376505,1248936,8/3/21
New York,1174136,1077392,8/3/21
Queens,1547237,1405960,8/3/21
Richmond,266262,243301,8/3/21
Bronx,744095,662547,8/4/21
Kings,1381603,1251807,8/4/21
New York,1177104,1079095,8/4/21
Queens,1552318,1408876,8/4/21
Richmond,267215,243833,8/4/21
Bronx,748153,664629,8/5/21
Kings,1387592,1254945,8/5/21
New York,1180150,1080725,8/5/21
Queens,1558128,1411884,8/5/21
Richmond,268560,244488,8/5/21
Bronx,752025,666516,8/6/21
Kings,1393227,1257825,8/6/21
New York,1183115,1082264,8/6/21
Queens,1564035,1414888,8/6/21
Richmond,269650,244979,8/6/21
Bronx,754802,667708,8/7/21
Kings,1397566,1260059,8/7/21
New York,1185389,1083289,8/7/21
Queens,1569292,1417483,8/7/21
Richmond,270590,245405,8/7/21
Bronx,756282,668343,8/8/21
Kings,1400630,1261486,8/8/21
New York,1186818,1084013,8/8/21
Queens,1572904,1419472,8/8/21
Richmond,271191,245680,8/8/21
Bronx,760819,670080,8/9/21
Kings,1405699,1263931,8/9/21
New York,1189406,1085325,8/9/21
Queens,1578750,1421983,8/9/21
Richmond,272038,246112,8/9/21
Bronx,765417,672076,8/10/21
Kings,1410553,1266225,8/10/21
New York,1192384,1086894,8/10/21
Queens,1583879,1424299,8/10/21
Richmond,273016,246643,8/10/21
Bronx,769241,674115,8/11/21
Kings,1415730,1269229,8/11/21
New York,1195208,1088476,8/11/21
Queens,1589452,1427508,8/11/21
Richmond,273937,247192,8/11/21
Bronx,773190,676462,8/12/21
Kings,1421394,1272737,8/12/21
New York,1198116,1090252,8/12/21
Queens,1595204,1431331,8/12/21
Richmond,275310,247947,8/12/21
Bronx,776683,678374,8/13/21
Kings,1425777,1275595,8/13/21
New York,1200685,1091758,8/13/21
Queens,1599904,1434563,8/13/21
Richmond,276292,248453,8/13/21
Bronx,778825,679755,8/14/21
Kings,1429249,1278006,8/14/21
New York,1202453,1092846,8/14/21
Queens,1603642,1437407,8/14/21
Richmond,276973,248890,8/14/21
Bronx,780024,680438,8/15/21
Kings,1431942,1279781,8/15/21
New York,1203990,1093587,8/15/21
Queens,1606319,1439173,8/15/21
Richmond,277631,249242,8/15/21
Bronx,783372,682230,8/16/21
Kings,1436205,1282696,8/16/21
New York,1206434,1094902,8/16/21
Queens,1610597,1442160,8/16/21
Richmond,278348,249755,8/16/21
Bronx,787460,684706,8/17/21
Kings,1441498,1285971,8/17/21
New York,1210189,1096775,8/17/21
Queens,1615637,1445479,8/17/21
Richmond,279290,250363,8/17/21
Bronx,791684,687094,8/18/21
Kings,1446589,1289011,8/18/21
New York,1213875,1098417,8/18/21
Queens,1621272,1449076,8/18/21
Richmond,280380,250998,8/18/21
Bronx,795526,689384,8/19/21
Kings,1451695,1292053,8/19/21
New York,1217438,1099980,8/19/21
Queens,1626365,1452383,8/19/21
Richmond,281674,251703,8/19/21
Bronx,798971,691868,8/20/21
Kings,1456469,1295319,8/20/21
New York,1220757,1101779,8/20/21
Queens,1631192,1455907,8/20/21
Richmond,282601,252321,8/20/21
Bronx,801140,693317,8/21/21
Kings,1459730,1297980,8/21/21
New York,1222984,1102907,8/21/21
Queens,1635522,1459391,8/21/21
Richmond,283359,252923,8/21/21
Bronx,801650,693779,8/22/21
Kings,1461055,1299138,8/22/21
New York,1224305,1103568,8/22/21
Queens,1637361,1461147,8/22/21
Richmond,283726,253325,8/22/21
Bronx,805137,696072,8/23/21
Kings,1464826,1302095,8/23/21
New York,1226598,1104911,8/23/21
Queens,1641814,1464758,8/23/21
Richmond,284584,253840,8/23/21
Bronx,809774,699024,8/24/21
Kings,1469529,1305764,8/24/21
New York,1230050,1106862,8/24/21
Queens,1647093,1469114,8/24/21
Richmond,285715,254627,8/24/21
Bronx,813335,701705,8/25/21
Kings,1474039,1309609,8/25/21
New York,1233210,1108655,8/25/21
Queens,1651698,1473190,8/25/21
Richmond,286642,255404,8/25/21
Bronx,817055,704618,8/26/21
Kings,1479009,1314228,8/26/21
New York,1236398,1110588,8/26/21
Queens,1656539,1477693,8/26/21
Richmond,287709,256455,8/26/21
Bronx,820384,707490,8/27/21
Kings,1483125,1318343,8/27/21
New York,1239541,1112603,8/27/21
Queens,1660922,1482219,8/27/21
Richmond,288557,257293,8/27/21
Bronx,822462,709566,8/28/21
Kings,1486652,1321929,8/28/21
New York,1241716,1114137,8/28/21
Queens,1664730,1486606,8/28/21
Richmond,289330,258183,8/28/21
Bronx,823462,710473,8/29/21
Kings,1488727,1324282,8/29/21
New York,1243226,1115085,8/29/21
Queens,1667285,1489630,8/29/21
Richmond,290064,258723,8/29/21
Bronx,826936,714307,8/30/21
Kings,1493787,1329108,8/30/21
New York,1246347,1117111,8/30/21
Queens,1671930,1494502,8/30/21
Richmond,290963,259534,8/30/21
Bronx,831054,718323,8/31/21
Kings,1498645,1333936,8/31/21
New York,1250184,1119618,8/31/21
Queens,1676997,1499832,8/31/21
Richmond,291846,260443,8/31/21
Bronx,835218,721969,9/1/21
Kings,1504149,1338608,9/1/21
New York,1253853,1121794,9/1/21
Queens,1682115,1504774,9/1/21
Richmond,292751,261315,9/1/21
Bronx,840741,726004,9/2/21
Kings,1512176,1344510,9/2/21
New York,1258856,1124483,9/2/21
Queens,1688806,1510263,9/2/21
Richmond,293997,262380,9/2/21
Bronx,845070,729501,9/3/21
Kings,1518261,1349431,9/3/21
New York,1262772,1126703,9/3/21
Queens,1694078,1514940,9/3/21
Richmond,294943,263353,9/3/21
Bronx,847559,731741,9/4/21
Kings,1522054,1353013,9/4/21
New York,1265202,1128089,9/4/21
Queens,1697892,1518605,9/4/21
Richmond,295780,264166,9/4/21
Bronx,849238,733020,9/5/21
Kings,1525233,1355892,9/5/21
New York,1267274,1129121,9/5/21
Queens,1701033,1521403,9/5/21
Richmond,296369,264811,9/5/21
Bronx,850632,733977,9/6/21
Kings,1527571,1357775,9/6/21
New York,1268697,1129860,9/6/21
Queens,1703535,1523504,9/6/21
Richmond,296788,265230,9/6/21
Bronx,854127,737519,9/7/21
Kings,1531433,1361621,9/7/21
New York,1271056,1131791,9/7/21
Queens,1706820,1527162,9/7/21
Richmond,297446,265814,9/7/21
Bronx,858338,741492,9/8/21
Kings,1536343,1366266,9/8/21
New York,1274306,1134112,9/8/21
Queens,1711413,1532271,9/8/21
Richmond,298517,266866,9/8/21
Bronx,864718,747608,9/9/21
Kings,1542494,1371650,9/9/21
New York,1277877,1136408,9/9/21
Queens,1716357,1536912,9/9/21
Richmond,299583,267842,9/9/21
Bronx,869196,751040,9/10/21
Kings,1548329,1376135,9/10/21
New York,1281624,1138470,9/10/21
Queens,1721284,1541225,9/10/21
Richmond,300674,268697,9/10/21
Bronx,872808,753698,9/11/21
Kings,1552964,1379939,9/11/21
New York,1284486,1140176,9/11/21
Queens,1726010,1545440,9/11/21
Richmond,301651,269518,9/11/21
Bronx,874777,754829,9/12/21
Kings,1556128,1382003,9/12/21
New York,1286397,1141062,9/12/21
Queens,1729021,1547893,9/12/21
Richmond,302285,269995,9/12/21
Bronx,878631,757463,9/13/21
Kings,1561149,1385459,9/13/21
New York,1289602,1142861,9/13/21
Queens,1732867,1551234,9/13/21
Richmond,303040,270571,9/13/21
Bronx,883007,760961,9/14/21
Kings,1566714,1389656,9/14/21
New York,1293138,1145016,9/14/21
Queens,1737672,1555477,9/14/21
Richmond,304029,271421,9/14/21
Bronx,887208,764518,9/15/21
Kings,1572021,1393823,9/15/21
New York,1296354,1147057,9/15/21
Queens,1742820,1560239,9/15/21
Richmond,304996,272233,9/15/21
Bronx,891459,768110,9/16/21
Kings,1577853,1398127,9/16/21
New York,1299480,1148972,9/16/21
Queens,1749012,1565234,9/16/21
Richmond,305993,273128,9/16/21
Bronx,895423,771553,9/17/21
Kings,1582799,1402401,9/17/21
New York,1302779,1150945,9/17/21
Queens,1754013,1569976,9/17/21
Richmond,306933,273980,9/17/21
Bronx,897681,773918,9/18/21
Kings,1586905,1406416,9/18/21
New York,1305126,1152542,9/18/21
Queens,1758160,1574464,9/18/21
Richmond,307674,274771,9/18/21
Bronx,898881,775032,9/19/21
Kings,1589483,1408843,9/19/21
New York,1306685,1153497,9/19/21
Queens,1760600,1576938,9/19/21
Richmond,308253,275386,9/19/21
Bronx,901827,777705,9/20/21
Kings,1593072,1412130,9/20/21
New York,1308937,1155147,9/20/21
Queens,1764017,1580239,9/20/21
Richmond,309138,276078,9/20/21
Bronx,905416,781270,9/21/21
Kings,1597674,1416357,9/21/21
New York,1312382,1157673,9/21/21
Queens,1768521,1584620,9/21/21
Richmond,310077,276990,9/21/21
Bronx,908712,784492,9/22/21
Kings,1601534,1419856,9/22/21
New York,1314715,1159466,9/22/21
Queens,1771832,1588240,9/22/21
Richmond,310817,277685,9/22/21
Bronx,912797,787901,9/23/21
Kings,1607323,1424884,9/23/21
New York,1317939,1161663,9/23/21
Queens,1776399,1592548,9/23/21
Richmond,311986,278610,9/23/21
Bronx,917319,791541,9/24/21
Kings,1613314,1429549,9/24/21
New York,1321308,1163923,9/24/21
Queens,1781015,1596810,9/24/21
Richmond,313342,279605,9/24/21
Bronx,920071,793995,9/25/21
Kings,1617725,1433215,9/25/21
New York,1323018,1165306,9/25/21
Queens,1784483,1600184,9/25/21
Richmond,314196,280326,9/25/21
Bronx,921449,795201,9/26/21
Kings,1620297,1435402,9/26/21
New York,1324032,1166136,9/26/21
Queens,1786578,1602411,9/26/21
Richmond,314857,280828,9/26/21
Bronx,925082,797386,9/27/21
Kings,1625031,1438533,9/27/21
New York,1325815,1167413,9/27/21
Queens,1789920,1605352,9/27/21
Richmond,315609,281437,9/27/21
Bronx,928143,800410,9/28/21
Kings,1628991,1442274,9/28/21
New York,1327419,1168852,9/28/21
Queens,1792772,1608141,9/28/21
Richmond,316297,281879,9/28/21
Bronx,931091,803650,9/29/21
Kings,1633107,1446059,9/29/21
New York,1329172,1170299,9/29/21
Queens,1795745,1611160,9/29/21
Richmond,316943,282377,9/29/21
Bronx,933683,806162,9/30/21
Kings,1636300,1449236,9/30/21
New York,1330510,1171444,9/30/21
Queens,1797962,1613399,9/30/21
Richmond,317597,282889,9/30/21
Bronx,936953,809883,10/1/21
Kings,1641371,1453896,10/1/21
New York,1332861,1173685,10/1/21
Queens,1801947,1617565,10/1/21
Richmond,318720,284009,10/1/21
Bronx,939636,813324,10/2/21
Kings,1646208,1459260,10/2/21
New York,1335026,1175783,10/2/21
Queens,1805964,1622681,10/2/21
Richmond,319753,285023,10/2/21
Bronx,940749,814725,10/3/21
Kings,1648341,1461931,10/3/21
New York,1335920,1176691,10/3/21
Queens,1807765,1624990,10/3/21
Richmond,320134,285525,10/3/21
Bronx,942959,817217,10/4/21
Kings,1651727,1465540,10/4/21
New York,1337389,1178096,10/4/21
Queens,1810192,1627823,10/4/21
Richmond,320678,286257,10/4/21
Bronx,945397,819951,10/5/21
Kings,1655605,1469005,10/5/21
New York,1338995,1179667,10/5/21
Queens,1812883,1630789,10/5/21
Richmond,321346,286817,10/5/21
Bronx,948284,823187,10/6/21
Kings,1660001,1473645,10/6/21
New York,1341076,1181587,10/6/21
Queens,1816058,1634715,10/6/21
Richmond,321892,287628,10/6/21
Bronx,950632,826160,10/7/21
Kings,1663997,1478074,10/7/21
New York,1342647,1183215,10/7/21
Queens,1818711,1638302,10/7/21
Richmond,322469,288469,10/7/21
Bronx,953073,829338,10/8/21
Kings,1667264,1482000,10/8/21
New York,1344508,1185111,10/8/21
Queens,1821066,1641453,10/8/21
Richmond,322944,289140,10/8/21
Bronx,954767,831347,10/9/21
Kings,1669971,1485419,10/9/21
New York,1345687,1186342,10/9/21
Queens,1823310,1644574,10/9/21
Richmond,323295,289725,10/9/21
Bronx,955302,832103,10/10/21
Kings,1671329,1487337,10/10/21
New York,1346231,1186879,10/10/21
Queens,1824473,1646256,10/10/21
Richmond,323414,289984,10/10/21
Bronx,956993,833955,10/11/21
Kings,1673554,1489918,10/11/21
New York,1347266,1187840,10/11/21
Queens,1826129,1648476,10/11/21
Richmond,323697,290546,10/11/21
Bronx,959207,836952,10/12/21
Kings,1677935,1494877,10/12/21
New York,1349050,1189577,10/12/21
Queens,1828645,1651886,10/12/21
Richmond,324256,291274,10/12/21
Bronx,961184,839773,10/13/21
Kings,1680621,1498252,10/13/21
New York,1350560,1191002,10/13/21
Queens,1830863,1654705,10/13/21
Richmond,324595,291914,10/13/21
Bronx,963210,842724,10/14/21
Kings,1683173,1501784,10/14/21
New York,1351868,1192368,10/14/21
Queens,1832704,1657139,10/14/21
Richmond,325107,292762,10/14/21
Bronx,965360,845928,10/15/21
Kings,1686094,1506045,10/15/21
New York,1353578,1194132,10/15/21
Queens,1835044,1660561,10/15/21
Richmond,325434,293369,10/15/21
Bronx,966712,847876,10/16/21
Kings,1688240,1509376,10/16/21
New York,1354796,1195208,10/16/21
Queens,1836952,1663224,10/16/21
Richmond,325774,294025,10/16/21
Bronx,967297,848682,10/17/21
Kings,1689425,1511373,10/17/21
New York,1355486,1195837,10/17/21
Queens,1837910,1664708,10/17/21
Richmond,325924,294413,10/17/21
Bronx,968986,851324,10/18/21
Kings,1691828,1514946,10/18/21
New York,1356820,1197129,10/18/21
Queens,1839982,1667373,10/18/21
Richmond,326246,295059,10/18/21
Bronx,970905,853987,10/19/21
Kings,1694216,1518436,10/19/21
New York,1358370,1198583,10/19/21
Queens,1841912,1670117,10/19/21
Richmond,326598,295618,10/19/21
Bronx,972860,856600,10/20/21
Kings,1696672,1521890,10/20/21
New York,1359891,1199863,10/20/21
Queens,1843968,1672758,10/20/21
Richmond,327018,296363,10/20/21
Bronx,973592,857597,10/21/21
Kings,1697571,1523247,10/21/21
New York,1360430,1200395,10/21/21
Queens,1844645,1673774,10/21/21
Richmond,327276,296746,10/21/21
Bronx,973636,857631,10/22/21
Kings,1697592,1523260,10/22/21
New York,1360459,1200406,10/22/21
Queens,1844716,1673837,10/22/21
Richmond,327279,296750,10/22/21